SUPER_1_2051598,G,T,AAGACAAGATTAAAG,AAGACAATATTAAAG,TCATCACCCCGAGAACCTATTAT
SUPER_1_8622026,C,T,CTTGTGCCAAACAAG,CTTGTGCTAAACAAG,CTCCTGTATTTGGACCGGGATAG
SUPER_1_13732324,T,G,TTGTGTTTTCAGAGG,TTGTGTTGTCAGAGG,CCCGATGAGATCACCAGGTTAAA
SUPER_1_14713010,T,C,GTGTGTGTGTGTGTG,GTGTGTGCGTGTGTG,TGTGGGGGTTAATCCTGTTTGTA
SUPER_1_27526834,C,T,TAGGAGCCGTTTTAG,TAGGAGCTGTTTTAG,AAGTCAGAGAACAATTAGGGGCG
SUPER_1_43783603,G,A,TATGGTTGCATACCT,TATGGTTACATACCT,CTGCAAGGCTAACACAGGAAAAT
SUPER_1_61222799,T,A,TATCCACTGAATTAA,TATCCACAGAATTAA,CAGTAACTTCCGTGCCAATAGGA
SUPER_1_66543227,C,T,CTAGAAACCTATCAG,CTAGAAATCTATCAG,CCCCCTAGTAACCTCCCTAGAAA
SUPER_1_79380044,T,A,TGTAAATTTGGGCTG,TGTAAATATGGGCTG,TCATGAACCTTGTTTCTTAGGATTCA
SUPER_1_81074662,T,C,ATTTTGATCATGCAG,ATTTTGACCATGCAG,CGCGAGGCACAAGAAATATGAAT
SUPER_1_90579995,G,C,CAGTCTGGGTCTTTG,CAGTCTGCGTCTTTG,ACCAGTCTGGGTCTGTACTATCA
SUPER_1_92422664,C,A,TTAGTTTCATAATTC,TTAGTTTAATAATTC,TGCCGCACACTTTCAACATTTAG
SUPER_1_94967287,C,T,TTCTGCTCGACTTTT,TTCTGCTTGACTTTT,AGATTGAGGCTGAGGGGAGATTA
SUPER_1_97737497,C,T,GGGTCATCATATATA,GGGTCATTATATATA,CCGAGGGCCATCATGTACAATTA
SUPER_1_100491915,A,G,CAACAGCATTTCACA,CAACAGCGTTTCACA,AGAGCTGGTTTTGACGTCTCTAG
SUPER_1_102488799,A,G,AACTAAGAATTCTAG,AACTAAGGATTCTAG,AGCTCATGAGGATACATTCTATTCT
SUPER_1_102571607,C,A,TATAGTTCATGTGCG,TATAGTTAATGTGCG,TGGTGAGTGTCGTGTGCAATATA
SUPER_1_103978468,G,A,CTAAAACGAACGGTG,CTAAAACAAACGGTG,AAACAGGCGCTGATCATTTATGG
SUPER_1_106826426,C,G,GTAGCCGCTTCCCTT,GTAGCCGGTTCCCTT,ATCATAACACATGAAGTAGCCGC
SUPER_1_110058260,G,C,TTTTGACGTTTTATT,TTTTGACCTTTTATT,GCTGTCAGCCTTTTCACTTTGTA
SUPER_1_116905781,G,A,TGTAAGCGATCGGGA,TGTAAGCAATCGGGA,GGCATAAGCTTGGGCAAAATGTA
SUPER_1_124278646,G,T,TTTACATGTAATTAA,TTTACATTTAATTAA,GGATGCCCCTCACACATTTTTAC
SUPER_1_127223757,T,C,ACAGGGATCCGCTGG,ACAGGGACCCGCTGG,GTTCTCTTCCTGGACCACGTTAT
SUPER_1_131577128,A,G,ATACCCCAAGCCGCA,ATACCCCGAGCCGCA,ACATCACCAAATTCACTGAGAATAAT
SUPER_1_146632709,T,G,TGTCCAATGGCCGAT,TGTCCAAGGGCCGAT,TGCGATTTCCAACTTGTGTAACG
SUPER_1_162439663,C,T,GAGGAGACGTGACAG,GAGGAGATGTGACAG,CGCTCAGTAGACTGGTGAATCAA
SUPER_1_162558356,A,C,CTGTGAAAGTGTCAA,CTGTGAACGTGTCAA,AGCTGTGCTCTTTCCTTCCTTTA
SUPER_2_7303966,A,G,ATTCACCATAAACTT,ATTCACCGTAAACTT,CTCCAGGTAACAGGCCAGTAAC
SUPER_2_10610416,A,C,GACAAAGAGGAGTGA,GACAAAGCGGAGTGA,CAGGAAGCGTGTGAGGTTAGTTA
SUPER_2_25142854,C,G,TTAAAATCATGCTGC,TTAAAATGATGCTGC,GGTGAGTCTCTCCTCCTCCATTA
SUPER_2_27631964,C,T,CAAGCCGCGTTCTCA,CAAGCCGTGTTCTCA,TAACCACGTTAACCCTCGCAATA
SUPER_2_38744303,G,T,ATGCAAAGGAGGGGA,ATGCAAATGAGGGGA,GTAGGGTGAGGGAACGTAATTGA
SUPER_2_69148903,A,C,GGACGCAAACCAGGT,GGACGCACACCAGGT,AGACGGTGACTGGGTCTTATTTC
SUPER_2_73709805,C,A,AATTTATCATCACTT,AATTTATAATCACTT,TTAGGACTAACGAGGCGCGC
SUPER_2_110277970,T,C,AGCTCGTTGTGTCTT,AGCTCGTCGTGTCTT,GAGTAGCCAAGTGGATCGATAGG
SUPER_3_10764684,A,T,TAATGAAAAGAGACA,TAATGAATAGAGACA,GGACTGCGGCAAAACAAGAATAA
SUPER_3_24362713,T,G,AACTGATTAAGCTTA,AACTGATGAAGCTTA,TTTCTCCCCAAGCCCTGTTATTT
SUPER_3_29625905,G,A,AATTACAGAATTATT,AATTACAAAATTATT,GGCTAATATTGACATGGCTTATCGT
SUPER_3_36045387,G,A,AATTACAGTACCTAA,AATTACAATACCTAA,GGCCAGGACTGTCTCATCAATTA
SUPER_3_37553187,A,G,GACTTTGAGAAACCT,GACTTTGGGAAACCT,GGTCCCGAGAAACTGACTTTGA
SUPER_3_38571378,G,T,AGATACAGGAATGCT,AGATACATGAATGCT,GGTTGGGGAGTGTTGTCATAGAT
SUPER_3_38611455,C,A,TATTAGACATCAAAA,TATTAGAAATCAAAA,AGAGTCACATAATGCAGCATTAGA
SUPER_3_38799151,A,T,AGTTCACAAAAGTTT,AGTTCACTAAAGTTT,TTCAATAGGCCGATTTGCTCTAA
SUPER_3_39162686,T,A,ATTTTGCTTGGGCTT,ATTTTGCATGGGCTT,ACAGCTGTGCGTCAATCTAAGTA
SUPER_3_52133339,C,T,ATAGGACCAGACTCG,ATAGGACTAGACTCG,GAAAACGCATGTCCACAGATCAA
SUPER_3_53358917,G,A,ACGAAACGTGAAGTC,ACGAAACATGAAGTC,CGTTTAAGGACGGGTCAGACTAA
SUPER_3_76632184,A,G,TTGATCTATTACATC,TTGATCTGTTACATC,CGAGGCGGTGAAGTCTTTACTAT
SUPER_3_100101399,T,G,AAAAAATTTAACACA,AAAAAATGTAACACA,GAGTGTGAGAGCGATGACAAAAA
SUPER_4_8783379,C,A,AAGAAGGCGACGGAA,AAGAAGGAGACGGAA,CAGCAGCCACCTTCATCAATATG
SUPER_4_14896110,T,C,GGGTGTCTAATCAAA,GGGTGTCCAATCAAA,GCAGGACTGTCAGTGGTTTATCA
SUPER_4_27578885,T,A,ACAGGAGTGAAAGGA,ACAGGAGAGAAAGGA,CAGAGAGGCCATCTGTCTCATAC
SUPER_4_31245124,A,T,AGTCTAGAAGGCTAA,AGTCTAGTAGGCTAA,CTGCTTGCACAAATCCCAAGTAA
SUPER_4_36672690,C,T,ACTTGCTCGTGAGTG,ACTTGCTTGTGAGTG,CCAGGAGTCCAACGGTTTACATA
SUPER_4_37794438,A,G,AGATGCGACACATCA,AGATGCGGCACATCA,CAGACACTGACACTGGGAATGTA
SUPER_4_49279006,T,G,AAAAAATTTACTCTA,AAAAAATGTACTCTA,GCCCTGCTCCTACAGATATGAAA
SUPER_4_58345228,A,G,CCGTTGCACAATCTA,CCGTTGCGCAATCTA,GCCTTTTGTTGACCGAGAGTAAC
SUPER_4_60236904,C,T,GGCAGTACGTCAAAA,GGCAGTATGTCAAAA,TATCACCACTCTATTAGGCGACG
SUPER_4_60435464,T,A,GTTTTTGTATTAAAT,GTTTTTGAATTAAAT,ACAGTTAGCCTACTTTGCTTGAA
SUPER_4_62302389,A,G,AAAAAAGATTTGACC,AAAAAAGGTTTGACC,ACAACCGTTGCACAAAACAAAAA
SUPER_4_62586775,G,A,TCATGACGTCATTTT,TCATGACATCATTTT,GATCTCGCCGTTTTGGAGTAATG
SUPER_4_63028135,A,C,GCGATTGATTGACAG,GCGATTGCTTGACAG,CCCTACGAACTCTGTGACTCAAA
SUPER_4_63155866,G,A,ACATCACGCATATAG,ACATCACACATATAG,GGCTTCAATGGCACCATTATTGA
SUPER_4_63582496,C,T,GCTGGATCGCTCTCC,GCTGGATTGCTCTCC,TGCTACACAGGACTAGCGTCTAG
SUPER_4_63845141,A,C,GAGGACAAGCCCAAC,GAGGACACGCCCAAC,CTGCCTCTCTCCTACCTGTACTA
SUPER_4_64404432,A,C,ACCTGATAAATTCAT,ACCTGATCAATTCAT,CAGGTGGGTCTGTCCATAAATCT
SUPER_4_64637572,G,A,CATTACAGTATAAAG,CATTACAATATAAAG,ACCCTATGAAACCCTGCATATCT
SUPER_4_65429035,T,G,GAAAAATTGTCTGCT,GAAAAATGGTCTGCT,CCATCGGGATTATTTAATGGCCG
SUPER_4_66110121,T,C,ATTAACATATTGTGT,ATTAACACATTGTGT,CTGGAAGTTTCACACAAGATTAACA
SUPER_4_66342355,A,T,TTTAGCCAACTTGGT,TTTAGCCTACTTGGT,TGCTGTTGAGGCACCATATATGT
SUPER_4_67274358,A,C,TATGCGCAGAGTGTG,TATGCGCCGAGTGTG,TGATAGATGCCTTTGGTAGACCG
SUPER_4_67436107,G,A,TGTCTGCGGTTAGAG,TGTCTGCAGTTAGAG,CAGGCCTTGTTTCATGCCATAAT
SUPER_4_67485211,T,A,TGTCATCTATCTGGT,TGTCATCAATCTGGT,GAAGAAGCCAGAGTCTCCGTTTA
SUPER_4_67622744,A,G,ATTTTGGATGAATAA,ATTTTGGGTGAATAA,GGTGACAGGTATTTCATGGAATCT
SUPER_4_69466804,T,A,GTTGGGATTGTCTGA,GTTGGGAATGTCTGA,CAGGGAGAGGGAGGCATATAGAA
SUPER_4_70927246,G,C,ATACGAGGCTGAGAG,ATACGAGCCTGAGAG,ACTGTGAGACGCTTTGGGAATAT
SUPER_4_72040484,A,T,TTGATTTACTAAAAA,TTGATTTTCTAAAAA,GGGGCAAGAGAGACAAAGTACAT
SUPER_4_72843416,C,T,AGGATCCCCTAACAT,AGGATCCTCTAACAT,ACAAGTGAGGTTGGAATGAAATGA
SUPER_4_73441658,T,G,GATAGTCTAATATAG,GATAGTCGAATATAG,ACCAACTTTTCAAATACTTGAGATAGT
SUPER_4_74436728,G,C,TCATTTAGTTTTCTC,TCATTTACTTTTCTC,ACCTGTGTCAAAGGTCATTTCAA
SUPER_4_87248926,T,A,CTTTTTCTGTGGTTT,CTTTTTCAGTGGTTT,TCTCATGGCCAATGGTTTTGTTC
SUPER_4_89233188,G,A,GATACTCGCTCTGGT,GATACTCACTCTGGT,GCAGCCATGATAGCAGTTGATAC
SUPER_4_92581793,A,G,ACCATTAATCATTAG,ACCATTAGTCATTAG,CGCACACTTGGTCATCATTTACA
SUPER_5_4950753,A,C,GGTTTTCAAGCATGC,GGTTTTCCAGCATGC,TCCATGCTCTACCAAGGTTTTCA
SUPER_5_8416304,T,C,AACCAATTTGCTATC,AACCAATCTGCTATC,GGACAGGGTGTAACAGTAAACGA
SUPER_5_31975226,G,C,AATTGAGGAGAAGAG,AATTGAGCAGAAGAG,TGTCGACGTACAGTGACACATAA
SUPER_5_32361935,T,A,TATAGATTATTATAT,TATAGATAATTATAT,GCACAAAGCACCAATTCTATAGA
SUPER_5_33667107,G,C,ACATCCTGTTCAGAA,ACATCCTCTTCAGAA,GGGGGTCTATGGGAAAGAAAGAA
SUPER_5_37678456,G,A,GATCATTGACCTGGT,GATCATTAACCTGGT,CAACTACGCTCGTGGACACTATA
SUPER_5_43147267,A,T,AGATCAAAGGTGATC,AGATCAATGGTGATC,AGGTTGAAACTAATTTTTGCATTTGA
SUPER_5_45310995,T,G,CCACTGGTCGTGCAT,CCACTGGGCGTGCAT,GCTGAGCTTGTTGGTGCATTATT
SUPER_5_47430881,G,A,CAGCTCCGAGAAAGG,CAGCTCCAAGAAAGG,TGTAACCTTTACGTTCGCAATCG
SUPER_5_50809016,A,G,CATATGCATGCATAC,CATATGCGTGCATAC,TTGCATGATGTAATCTCTTGGCG
SUPER_5_52333997,T,G,GTCAGATTAATCATT,GTCAGATGAATCATT,ACACCGAACAGTCCCATTTTCTA
SUPER_5_52587479,A,C,CGTATGTAATGGTGC,CGTATGTCATGGTGC,CAATCATGGAGGAGCTGGTCTAA
SUPER_5_57550358,T,C,TTACCACTATATCAA,TTACCACCATATCAA,ACAGAGAGGGAGCAAAGTCATTA
SUPER_5_65682421,T,C,AACCCTCTCTCTCTG,AACCCTCCCTCTCTG,TTTTGTGACTGCCCTCTTCCTTA
SUPER_5_87952375,T,A,ACTACACTACAAAAG,ACTACACAACAAAAG,GCTAGCATGCTTACCTTCTTAGC
SUPER_5_89405650,T,C,GTGAGTATGTGTCCC,GTGAGTACGTGTCCC,AGACCAGGAGCTATGAGTGAGTA
SUPER_5_89475911,G,C,TCTGTGTGTGTCTGT,TCTGTGTCTGTCTGT,GTCAGCGCCGAATACATGATTTA
SUPER_5_89573557,G,C,CAAAGTCGTAAGATG,CAAAGTCCTAAGATG,GCTCTGAACCGTCTGAATTTACG
SUPER_6_23692540,C,T,TAGAGCCCCGGACTT,TAGAGCCTCGGACTT,CACATTCTACCCTCCCCATTGAA
SUPER_6_23753304,A,T,GAATATAATAAATAT,GAATATATTAAATAT,TCCACAGGGTACAATGCTGTAAT
SUPER_6_24754934,A,C,GAATGAAAATTTTGT,GAATGAACATTTTGT,TCGGGCAGAACTCAGTTCAAATA
SUPER_6_27792922,C,G,CACTACACCCTGGGT,CACTACAGCCTGGGT,CCTCCTGAGTGGTGCTTCATAG
SUPER_6_29804872,C,T,GCATAAACATACAGA,GCATAAATATACAGA,AGACCGTGGCTTCACATTATACA
SUPER_6_29842470,T,C,GCAAAAATATTTTTA,GCAAAAACATTTTTA,AAAGCTAGCCACCATGCAAAAAT
SUPER_6_31881486,C,G,TGGAACGCTACAACA,TGGAACGGTACAACA,TGCGCTGGCATTCTACTTTAATC
SUPER_6_35529984,G,A,TCCTAACGGAAACCC,TCCTAACAGAAACCC,TGGGTCCGGTAACTTTCTGAAAT
SUPER_6_36773241,G,A,CTGGTTAGACCGTAA,CTGGTTAAACCGTAA,GCGGGTCTGACCTAGAGTATGTA
SUPER_6_38618923,C,G,CTTGTTTCAGAGATT,CTTGTTTGAGAGATT,GGCAGGGATTTTGTGTTATAGCG
SUPER_6_40260619,C,T,GCAGCTCCTGTTGTA,GCAGCTCTTGTTGTA,GGAGAGGAATTGGAGGGTTAGAC
SUPER_6_41167945,A,C,TTCATGTAAAAGTTA,TTCATGTCAAAGTTA,GCTGCCTGAGCTCATAAAAAGTA
SUPER_6_68970311,A,G,TTTTTTCAACAATTT,TTTTTTCGACAATTT,GGGTTGGTTGTCACATTCGTTTT
SUPER_6_71633115,C,T,GTAGCTACTTCGAAT,GTAGCTATTTCGAAT,CCACGCACACACAGATAAATCTT
SUPER_6_77756168,C,A,CAAAACACCATAATA,CAAAACAACATAATA,CTGCTTATTCGCACGGCTATTAA
SUPER_7_8511506,G,C,GACAATGGATTGTAC,GACAATGCATTGTAC,GCTCTACTTCAACGGCTGTAAGA
SUPER_7_28372925,C,T,AAACCGGCGGAGGCA,AAACCGGTGGAGGCA,CCATCTCTGACAGCAGTGAGAAA
SUPER_7_30642163,A,C,TAACTATAGTTCTAG,TAACTATCGTTCTAG,AACTGGAGTGACACTCTGGTAAC
SUPER_7_40092546,C,A,GATTACACAGCGTAT,GATTACAAAGCGTAT,TTCTCCCCCTCACTCCATCTATT
SUPER_7_43384500,G,T,AACAAAAGAAAGATT,AACAAAATAAAGATT,AGCATATGGACATTTGTACAACGA
SUPER_7_52949092,C,A,AGAGGATCATTTCTA,AGAGGATAATTTCTA,GGGGACTAAGCAGTGTGTTTCAT
SUPER_7_57426813,A,G,AGCTTTTATTTACTG,AGCTTTTGTTTACTG,TCATCCAAGTCATGCGGTATCAT
SUPER_7_75696498,G,C,TGATGAAGTCAACAG,TGATGAACTCAACAG,AGGAATCCAACGGTAGGTTATGA
SUPER_7_75779097,A,G,GGTTGGCAGAGCCTA,GGTTGGCGGAGCCTA,CGAGAGACAGCCCCAAGATAATT
SUPER_7_76406847,G,C,TGTGAATGAGTGTGT,TGTGAATCAGTGTGT,GAGGGCGCTGCTATTGTGAATC
SUPER_8_9219509,T,C,TATTGATTTGCACAC,TATTGATCTGCACAC,AACAAGCAGGCATTGACCTAGTA
SUPER_8_10590810,C,T,TAATTGACAATACAC,TAATTGATAATACAC,TGTGCTGGTATGATGTGCAGATA
SUPER_8_12350897,C,A,CTGTTGACTGAAGCC,CTGTTGAATGAAGCC,GAGGAAGCCAAGACTGAGATCAA
SUPER_8_14976849,C,T,GTAGGTTCATTACTC,GTAGGTTTATTACTC,TTTCCAGCCAATTGTGTCGAAAG
SUPER_8_52496439,T,G,GATGAATTTAATTAA,GATGAATGTAATTAA,TTGTCCCACCTAGCCATCTTAAG
SUPER_8_52979599,G,A,TGAAAATGACTTTAT,TGAAAATAACTTTAT,CCAACCGGGTGGATTATCTTCAA
SUPER_8_55689883,T,C,AAGACTGTTAGTCAG,AAGACTGCTAGTCAG,TGCGAGGAAGAGTTGAGCATAAA
SUPER_8_60767308,A,T,TCACATAAAGGAGAA,TCACATATAGGAGAA,CAGAGGTGAATGGACAACGTTTC
SUPER_8_68714529,C,A,TTTTAGTCATTTAGC,TTTTAGTAATTTAGC,GGGGGCATGACTTACATTTACAT
SUPER_9_4966220,T,G,TACAAATTCATGCTG,TACAAATGCATGCTG,CACTCCCTCTTTTGCTTCCCTTA
SUPER_9_28774366,T,A,CACATTTTGTTATTT,CACATTTAGTTATTT,TCCCAAATCCATAGGCCTTTTGA
SUPER_9_29055440,G,A,CTTCAATGGGCAATG,CTTCAATAGGCAATG,GTGGGCTTTGTCAATGGCAATTA
SUPER_9_35261497,T,C,CCAATAGTCTACCAA,CCAATAGCCTACCAA,TGAGCATCAAGTAATGACAGAATAGA
SUPER_9_51868932,A,G,TTATCGTACATCTGA,TTATCGTGCATCTGA,CAGGGCTCCTTGATGAGTTAGTT
SUPER_9_52128088,T,G,ATATAATTACTATAT,ATATAATGACTATAT,ACCTCCAACACTAGGGACAAAAA
SUPER_9_54071423,T,A,TACGACATAATATTT,TACGACAAAATATTT,ACGGGATGCTATTGGGACATTTA
SUPER_9_56313005,A,G,ACGCACAAGAGCAGT,ACGCACAGGAGCAGT,TGTGTCTGTTTCCCTCACGTTAT
SUPER_9_62608829,T,G,ATTAAAATGTACAAT,ATTAAAAGGTACAAT,GACGGAGCAGTGTGGATTAAAAT
SUPER_10_18273881,C,A,TCAATCACGTAATCA,TCAATCAAGTAATCA,AGGAATGTGACCTTGGCAGTAAT
SUPER_10_25986001,C,T,TAAAAAACGCTCCTT,TAAAAAATGCTCCTT,CTCCACTGGCCATTCCTTAAAAA
SUPER_10_26568265,T,G,AATAGAATAAGCTAG,AATAGAAGAAGCTAG,GAGCCAAGGGGTGTAAAATGTTA
SUPER_10_32251029,C,T,TCTCTCCCCAACAGC,TCTCTCCTCAACAGC,AAGGAAGTCAGGGAAGGAGAGTA
SUPER_10_34759319,G,A,GTTACTTGAAATACC,GTTACTTAAAATACC,GTGGCTAGCCTACTCTGTGTAAT
SUPER_10_41417150,T,G,GAAGTTTTCGACCAA,GAAGTTTGCGACCAA,GCTGTCAGCTGGTCCTGATAATA
SUPER_10_45106719,T,C,GAACCTGTTATGCTA,GAACCTGCTATGCTA,GTTTAGACGTTCAAGGATACGGC
SUPER_10_49675895,G,A,TCCCTTGGCAGTAGA,TCCCTTGACAGTAGA,TCCCCTACACTATGGCTCAGTAA
SUPER_10_50234856,G,A,GTCCCTCGACGGTTT,GTCCCTCAACGGTTT,AAACTTCGTGCTTGGGTTTTTCA
SUPER_11_13704175,A,C,AAATGCAAATTCTTT,AAATGCACATTCTTT,GCAGTGAGAGCTGGAATTGTTAC
SUPER_11_33357636,A,T,GTAGGTCAGTAGTAT,GTAGGTCTGTAGTAT,TCACGTCTCCTCTCCTTCAGATA
SUPER_11_35170602,G,C,GTAGCACGCCGTTTG,GTAGCACCCCGTTTG,GACATTCAGAGGCTGAGTTACGA
SUPER_11_37792137,C,T,GAGTAGCCTAATTTA,GAGTAGCTTAATTTA,ACACCTGTCGACCAACTTTAGTT
SUPER_11_37794095,T,A,CTGGCCATTAGTAAT,CTGGCCAATAGTAAT,GGGCTGAGGTTTCTCTGTCTAAA
SUPER_11_53626008,T,G,GAAGATTTAATCTAT,GAAGATTGAATCTAT,CGTCTTGGCGTTCACATTATGAA
SUPER_11_54943402,C,T,AGAGCTCCTAATTCC,AGAGCTCTTAATTCC,ACCACCCAGGCTGATTAATCTTT
SUPER_12_3581,T,G,CACAGCTTGTAGATT,CACAGCTGGTAGATT,ACTGCCCTTTCTCACACATATGT
SUPER_12_2167870,T,A,TATCCACTGGTGGTT,TATCCACAGGTGGTT,GGGAAGGACGGATAGGTTTCAAA
SUPER_12_2210006,T,A,GCAGACTTCAGTCTC,GCAGACTACAGTCTC,CCCCCAAGGCTTACTCATTTACT
SUPER_12_2483124,C,T,CTCCCTCCCTCCTTC,CTCCCTCTCTCCTTC,TACGGTACCAGGGCAAAATGTAA
SUPER_12_4016391,G,T,CGCCTTAGCGTTTTT,CGCCTTATCGTTTTT,GTCAATTAAATACTTGGGCGGGC
SUPER_12_4263419,G,T,AAAGTCTGTGCCCTA,AAAGTCTTTGCCCTA,TCTGGCCAGGCAAATCTCATTTA
SUPER_12_5067596,G,A,AGTCATTGGTGTATA,AGTCATTAGTGTATA,CGCCAAACCCTTAGGCTAGATAT
SUPER_12_5645099,C,T,ATAAGAGCCATACAT,ATAAGAGTCATACAT,TTGCCACCTTGGGTCATACATAA
SUPER_12_6137666,T,C,TAAATCATGAGTTCC,TAAATCACGAGTTCC,TGGCATTGCAGGGAAATGATTTA
SUPER_12_6571432,G,A,GTAGGCTGCAAGTGA,GTAGGCTACAAGTGA,CGGCTGCATCACATTGAGATATC
SUPER_12_7037313,A,G,AATTTGAATAAGTGA,AATTTGAGTAAGTGA,TGACATGTTACAGGATGAATTTGAA
SUPER_12_7189581,T,A,TATTTATTACAATAA,TATTTATAACAATAA,GAAACCGAGGCATTTTCTAGTCG
SUPER_12_9154315,T,C,AATTACATTGTACTT,AATTACACTGTACTT,GGTTGCAGTCAAGTGGGTTTAAG
SUPER_12_9446572,C,T,TATTTGACGTGCCTA,TATTTGATGTGCCTA,CACCTTCACAACGCCTCAAATTT
SUPER_12_9596722,G,C,AATATTTGTTTTTGT,AATATTTCTTTTTGT,ATTGCATTTGGGGACAGTTTTCA
SUPER_12_10148045,C,G,ACAAGAACAACAAGA,ACAAGAAGAACAAGA,GGTTTGCAGACCGCCATTATATC
SUPER_12_10819361,A,G,TGTATTCATACACAA,TGTATTCGTACACAA,TGGATAATAGGCACATTGAAGATACA
SUPER_12_10979725,T,A,AAAATACTAATACAC,AAAATACAAATACAC,CCCGCGGGAGATTTAAGTAAAAT
SUPER_12_11962622,A,C,TTATCCTAAAATGAG,TTATCCTCAAATGAG,GGGGCAAAAGGTGGAAAGTAATG
SUPER_12_12070695,G,T,AAAGAAAGAAATTAT,AAAGAAATAAATTAT,CCTCCATACCTGGGGTCATAAAG
SUPER_12_12391251,C,T,TAGTTTGCATTGGCA,TAGTTTGTATTGGCA,GCAAGATGTGGCGATGGAATTTA
SUPER_12_13932784,C,A,ATTATGACAACTTCC,ATTATGAAAACTTCC,CTAGGAGGCTCATGGTTCTTACC
SUPER_12_15169637,C,A,TAATAGACATTTAAT,TAATAGAAATTTAAT,TTTGGCGCTGTACCTATGAATCT
SUPER_12_17682204,C,T,TTAAAAGCGCATTCC,TTAAAAGTGCATTCC,GCCAAAAGAGAAGGTCCTTGAAC
SUPER_12_20673782,A,T,TGCGGACATTTGTTA,TGCGGACTTTTGTTA,TTTCTGGAATTGTGTCTCTTGCG
SUPER_12_20790863,C,A,ATCTATTCGTTTCTT,ATCTATTAGTTTCTT,CATGAGCCTCTGGATCCATCTAT
SUPER_12_21283649,C,G,CATCCCTCCTCCTAG,CATCCCTGCTCCTAG,GTCGCCATGTGCCTGTATATTTC
SUPER_12_21604468,G,T,CTACAACGATATGAA,CTACAACTATATGAA,ATTTGCCACACTGGTTCGAAATT
SUPER_12_22745548,G,A,ATGTACGGCGGTTGG,ATGTACGACGGTTGG,TGACTGTGGGGATGGTTTTACAA
SUPER_12_23750426,G,A,ACTTCCTGCATTGTC,ACTTCCTACATTGTC,CTCACACAGACACACACTTCCTA
SUPER_12_23936169,C,T,ATATCAGCGAACAGT,ATATCAGTGAACAGT,GTTGCGGCTGATCTCCATATCA
SUPER_12_27889799,T,G,CAGAAAATATGTAGA,CAGAAAAGATGTAGA,AGGCAACACTTCCAACCTATCAT
SUPER_12_30489583,G,T,TGAAGTTGTAAACAC,TGAAGTTTTAAACAC,GCGTTGGGGGTTGTAAATAACAA
SUPER_12_31180147,T,G,ATCCTCATGTGGAAA,ATCCTCAGGTGGAAA,CGTTGCCAGACACTTGAATCAAA
SUPER_12_32391521,T,A,CATCACATCACTGCT,CATCACAACACTGCT,AGTAGGCAGCAGAAGACAACATA
SUPER_12_37301491,A,T,CTTTTGTAGTGTCGA,CTTTTGTTGTGTCGA,AGCATCTTTTGGGGGTGTGATAT
SUPER_12_38267676,A,G,ATGGTCCACTGCAAA,ATGGTCCGCTGCAAA,CGTACTTTTGGTGCGCATAGAAT
SUPER_12_39248246,A,C,AAATATTATGTAGCT,AAATATTCTGTAGCT,GGAAACGCAAGGTGGTGAAATAT
SUPER_12_39621924,G,A,ATAAAATGTTTGGGA,ATAAAATATTTGGGA,TGTGAACATGGGGATGAGCTTTA
SUPER_12_41330630,A,G,GTGTGACAATAACAA,GTGTGACGATAACAA,AACGCACCTTTCGCTTTCAATAA
SUPER_12_41395869,A,G,CATGAAGAGGTCCAG,CATGAAGGGGTCCAG,CAGTGAAAGAAGCAGAGGTTTCG
SUPER_12_42530291,A,C,ATAAAAGATATTGAT,ATAAAAGCTATTGAT,ACACCATTCTCCATGCACAGTAA
SUPER_12_44614852,C,G,AGCACGCCGCTGTCA,AGCACGCGGCTGTCA,CTGGCACTCCTTGTGGATATGAT
SUPER_12_44917389,A,G,AGAATGGAGTTCCAG,AGAATGGGGTTCCAG,TCCAAAAAGCCTTGCTCAGAGTA
SUPER_12_46874548,A,G,TCCCAGCAGCAGCGA,TCCCAGCGGCAGCGA,AAAAGGAGGGCTGCCTGAAAA
SUPER_12_49319294,A,G,TGATTACATTACATA,TGATTACGTTACATA,ATGCTGTCCTTGGCTGATTACA
SUPER_12_50776215,C,T,ACAGCTCCGTAGCTC,ACAGCTCTGTAGCTC,AGTTATGTGGGAGCGATGGTAAT
SUPER_12_51493871,G,A,GTTGTTCGTGTAGCT,GTTGTTCATGTAGCT,CCGGACTCACTCTGGTAATCATT
SUPER_12_55391771,A,T,TCTCGCGAGTTCTCT,TCTCGCGTGTTCTCT,TTCGACGTGAAGCGGTATCTTAG
SUPER_12_55962650,C,T,TTGTTGGCCTTGGCT,TTGTTGGTCTTGGCT,CCTAGCGAGCTAACCGAGAATAA
SUPER_12_56411718,A,T,GAGTTAAACAACGGG,GAGTTAATCAACGGG,CAAACTCACGGAGCCAGTTACTA
SUPER_13_5313173,C,G,TAGCATACGATCATA,TAGCATAGGATCATA,TGTGGCCTGATATCGTTGGTTAA
SUPER_13_11190055,T,C,TTGACTTTGACTGCG,TTGACTTCGACTGCG,ACTCACATCAAAAAGGCCTAATGA
SUPER_13_24403975,C,T,TAAGGAGCGCAGACA,TAAGGAGTGCAGACA,ATCCACGAGCCTAAGGGATACTA
SUPER_13_24423743,A,G,AAGGCAGAGGAGGTG,AAGGCAGGGGAGGTG,CTGGACACACACACAGTTTTGTA
SUPER_13_27633109,A,T,GCTCTGGATAAGAGC,GCTCTGGTTAAGAGC,CTGTCAAGGGACCGAGTATGAAA
SUPER_13_42615384,G,T,CATTCCAGATACATT,CATTCCATATACATT,GCCGAGGACTTGATCTCCATATT
SUPER_13_44841692,A,G,CAGTCAGAGAGCAAA,CAGTCAGGGAGCAAA,GACTGTGTCCAGCTCACTAAGAA
SUPER_13_47202467,C,T,CTTGTTACCCCACCA,CTTGTTATCCCACCA,GGCCAGTCAGTCTGTCAGAATTA
SUPER_13_48244239,G,A,ACTAACTGATAGTTT,ACTAACTAATAGTTT,GCTCAGTGCACATCCCTATACAT
SUPER_13_49002549,G,A,TCTCTAAGATTTACA,TCTCTAAAATTTACA,CGCACACACTCCAGATCTCTTAA
SUPER_14_13545139,A,C,TGTGAGGAAGGAGCC,TGTGAGGCAGGAGCC,TGGATTCACTGGAGCAGTTTAGG
SUPER_14_14303666,C,G,CGCGCGTCTGTGTGT,CGCGCGTGTGTGTGT,CATCCTCGTTCTCCCACAACTAA
SUPER_14_17028903,A,T,TATTGTGATGAATGT,TATTGTGTTGAATGT,TGTAACAAGGCTGCATGGGATTA
SUPER_14_21673504,C,T,CATACAACAGTTACT,CATACAATAGTTACT,ATAGCAGACCACATGCCCAAATA
SUPER_14_31854194,G,A,ACAAATCGAATTGCA,ACAAATCAAATTGCA,ATTGTTAGTGCGTCAAATCGACC
SUPER_14_43152608,T,A,CCAACTTTGTGGCAA,CCAACTTAGTGGCAA,GGCTAGGCCCCTTAGTTCTATTG
SUPER_14_46374060,A,G,TGTTTTAATAGTGTC,TGTTTTAGTAGTGTC,CGCGCAACAAACTGACCATTAAT
SUPER_14_50122534,T,G,ACGAGACTCTTTTTA,ACGAGACGCTTTTTA,ATCACATCGACTTGTTATTGCCG
SUPER_14_50917663,G,C,TTTCATGGGTCTCTG,TTTCATGCGTCTCTG,CGTCCTCCCCAAACTCATCATAT
SUPER_14_54662754,A,C,TGCATAAAAGGCTTT,TGCATAACAGGCTTT,TTCCTACTCCCGTCTCAGTAGTT
SUPER_15_755861,T,G,GTTCAGCTTTCCACC,GTTCAGCGTTCCACC,ACAGTTCTAGCCTGTCTATCAATGA
SUPER_15_3118813,T,A,GCACCGATACGTTTT,GCACCGAAACGTTTT,ATTCCTTCCAAACCACTCATCGT
SUPER_15_4844145,C,A,AAAACATCTAATCTG,AAAACATATAATCTG,CCTGCTACCCCTTATCACTTAGC
SUPER_15_7423187,C,A,AAGCACCCGTCAGAG,AAGCACCAGTCAGAG,CTCTGTGGGCCTTAGGAATAACA
SUPER_15_7452935,A,T,TTTGGGCATTATCTG,TTTGGGCTTTATCTG,CCCGTCAGGAGGCTTAATGTAAT
SUPER_15_8612305,C,T,TATTTCACGAGTGTT,TATTTCATGAGTGTT,GCTCAGACTCAGAGGGAAGGTAT
SUPER_15_9588892,G,T,GCAGGATGCTCCAGT,GCAGGATTCTCCAGT,GGGGGACAAATGAGGATGAGATT
SUPER_15_9625499,A,C,TATGATCATTCTCTA,TATGATCCTTCTCTA,ACCACTGCTCCAATGTGATATCA
SUPER_15_20612833,A,T,AAATATAAGGTGCAC,AAATATATGGTGCAC,ACAGAGTTGACCCCGTACAAATA
SUPER_15_22701025,G,A,CTCCTCTGGTCATCC,CTCCTCTAGTCATCC,CTGTGGTACGTGCCGTCTATT
SUPER_15_23178787,C,A,TTTCAAACTGGGATT,TTTCAAAATGGGATT,GCCTCACACACTAACCCTCTAAT
SUPER_15_32059576,T,C,GAAGGCATCAATGAA,GAAGGCACCAATGAA,CTGGTGAGTAGGCCATGTTCATA
SUPER_15_32267229,T,G,TCAAAATTTATGTTT,TCAAAATGTATGTTT,AGGGAGCCCATATCCTCTCTAAA
SUPER_15_36329627,A,G,CACATCCAGTAGTAA,CACATCCGGTAGTAA,TATCCTGGCATGGACAAGTTCAA
SUPER_15_36568073,A,G,TAAAAGCATGCTCAA,TAAAAGCGTGCTCAA,TCCAGACTAAGGCAAGTCCTAGA
SUPER_15_47542384,G,T,CCAAAACGTCTGTCA,CCAAAACTTCTGTCA,TAGCCCCTCTCAAAAGCAAATCA
SUPER_16_11875704,C,T,TGGAGCACCAAGTGA,TGGAGCATCAAGTGA,CGGGAAGAAATGAACCAATCGTC
SUPER_16_21645005,T,C,CAAACTTTAATCAGA,CAAACTTCAATCAGA,GTGAGAGGGCGAGGGTTAATTAA
SUPER_16_22144609,G,A,GGCAGTCGGGGATTC,GGCAGTCAGGGATTC,TCAAGGGCAGAACAGCAGATTAT
SUPER_16_22160002,G,A,TCAGCCCGGTGACGT,TCAGCCCAGTGACGT,GACCTAGTGAAGCAGCCTATTCA
SUPER_16_22165221,G,A,ATTAGACGTCCAAAA,ATTAGACATCCAAAA,GGGAGTAGGAGGCGTTCTAAATT
SUPER_16_32538332,A,G,GCAAGCTACTTCTCC,GCAAGCTGCTTCTCC,CGCTCATGTTCCCAGCATAAAAT
SUPER_16_39732787,G,A,ACAGTAAGTCCCTGT,ACAGTAAATCCCTGT,AACGTGGTCAAGTGTCGAGATAA
SUPER_16_40376744,A,G,CAATGCAATATAGTA,CAATGCAGTATAGTA,GCAGCATAGCAGAGCAAAGTAGA
SUPER_17_3313191,C,A,TTCAGACCTCCACTT,TTCAGACATCCACTT,CGTCAAGCAACCCATCGAATAAA
SUPER_17_3534734,C,G,GGCCAGTCTCTCTCC,GGCCAGTGTCTCTCC,CTGGAAGGACAGGACATGAGATT
SUPER_17_6985742,C,A,AGTATTTCTCCACTA,AGTATTTATCCACTA,CTGGTAAGTACCTGTTCCGATCA
SUPER_17_8824264,C,T,ACATTTGCATAGGGA,ACATTTGTATAGGGA,TGTCTGCTTTCCGCTACAACTAT
SUPER_17_11594386,A,G,TGTATGTAAATGTCA,TGTATGTGAATGTCA,GACGCTTCTGGTCAGGAATACAT
SUPER_17_15910040,T,A,TTTATTCTAAACGTA,TTTATTCAAAACGTA,GCCGTCTGTTGTGGAAATTCTAC
SUPER_17_23809354,G,A,TCCTTAGGGCATAAA,TCCTTAGAGCATAAA,TGTCCCATTCTGACTTCCTTAGG
SUPER_17_41163441,G,C,GAGTAGTGTGTGATA,GAGTAGTCTGTGATA,AGATGTGTTGTGGTAGAGTAGTC
SUPER_17_43119868,T,C,ACGGTCATAAATCAA,ACGGTCACAAATCAA,GGGCTTCTGTTATGGGTTATCGA
SUPER_18_42801108,C,G,CAGCAACCAACTGGC,CAGCAACGAACTGGC,CCAGGGGGATAGAGGGAGAATTA
SUPER_19_1922051,G,T,TAGCCAGGCCTAGCC,TAGCCAGTCCTAGCC,AGCCATATCTAGCCAGACCTAGA
SUPER_19_2017967,A,T,GCGCTGTATGGCGCG,GCGCTGTTTGGCGCG,CGTGGGTAGGTGCTCAACATATA
SUPER_19_3343176,T,A,TGTGTAATGGAATAG,TGTGTAAAGGAATAG,ACCCAGCCAGATGGAAAAATATG
SUPER_19_26961992,G,T,ATCAGGTGCGCGTGT,ATCAGGTTCGCGTGT,AAGTGTCCGCTCTCATCATTCTT
SUPER_19_27078756,G,T,CGTGGCTGAATCTAG,CGTGGCTTAATCTAG,GCATTTTTAGGCCCTGGTCAATT
SUPER_20_5529727,A,C,AATAATCACAACCAC,AATAATCCCAACCAC,AAGTGACTTTGTTAAACAACGCG
SUPER_20_7054308,A,G,CCCGATAATCAATGA,CCCGATAGTCAATGA,ACACCCTGGCAGGTAACATAATT
SUPER_20_9707568,G,C,TTCACCAGTACAGTT,TTCACCACTACAGTT,TGAAGGGGAGCTAGTTCTCTAGT
SUPER_20_13493648,T,C,TTAAATATGTTATTC,TTAAATACGTTATTC,CCTCTCCACACACAGGGTTAAAT
SUPER_20_13855307,A,G,GGGGGTTAGACGTGC,GGGGGTTGGACGTGC,ACGTTTTGGGGAGAGTTGAGTTA
SUPER_20_24699211,G,A,GCACAGTGAGTTTGA,GCACAGTAAGTTTGA,TGACTCCCGTCTGAGGTTTTTC
SUPER_20_31887316,T,G,GTCAAATTTATATGG,GTCAAATGTATATGG,GCCATTGCAAGTGTACCAATGAA
SUPER_20_31895283,T,A,AAGCATATATTATCA,AAGCATAAATTATCA,CCCCATTAGCCGTGTTACACTTA
SUPER_20_33387702,A,T,TCACTGGACAACATA,TCACTGGTCAACATA,TGCCATGTGGGTGGATATCTAAG
SUPER_20_43142752,C,T,AAAATCGCAATATTT,AAAATCGTAATATTT,CATGCCAACCACAGAATCAGAAT
SUPER_20_45694493,T,A,TGACACCTCTCTGTC,TGACACCACTCTGTC,ATGGAGAATGACCGCTGTGTTAT
SUPER_20_46938528,C,A,ATTTAACCTTTCTAA,ATTTAACATTTCTAA,CCCTGGTCACACAGCAAAATATT
SUPER_21_9683249,C,A,GGATGGACACAATCA,GGATGGAAACAATCA,CCCTCAGTGTCATGTCCAAGTAT
SUPER_21_9918048,T,C,GATTCTTTATTCTGA,GATTCTTCATTCTGA,TGGTATTGTTACTCCATTCGGGG
SUPER_21_11788524,C,A,ACATGCGCGGATAAT,ACATGCGAGGATAAT,TCGATGACATCCTGGTGTTTTCT
SUPER_21_35359650,A,T,AGCTTCAAACTACTT,AGCTTCATACTACTT,TCTCTGAACAGGGGAAAGTATTCA
SUPER_21_38255538,A,G,CGGAAGTAGTCCAAT,CGGAAGTGGTCCAAT,AAGTACCAGCGACACACTCAATA
SUPER_21_39027843,C,A,GGCACTCCGTTTCCT,GGCACTCAGTTTCCT,CGCTTTTGGCACTCATCTGTTAT
SUPER_21_39308014,T,C,TAAAATGTGATTATT,TAAAATGCGATTATT,TCCATCTTGGCACTCCATTGTAA
SUPER_22_5004345,A,C,GAAAAGTAATTCCAA,GAAAAGTCATTCCAA,AAATGGTCCCATGTGGTGCTATA
SUPER_22_10017148,G,T,CAGATTAGTATGGTG,CAGATTATTATGGTG,GAGGAGGTGTGTGAGATGTATCC
SUPER_22_14399077,T,C,TAGATAATTTACTAG,TAGATAACTTACTAG,CCAGATGGCCACAGCTAGATAAT
SUPER_22_15893438,G,A,CACCACCGTGCTACC,CACCACCATGCTACC,ATTACACTCCCACAGCAACCTTA
SUPER_22_20990179,G,C,CCCATCAGGACAATG,CCCATCACGACAATG,TGGCAAAAGGACAACGTCAGATA
SUPER_22_25190957,T,G,TCATAAATTGAGAAA,TCATAAAGTGAGAAA,TACGCTCCATGGGTATCATAAAT
SUPER_22_25914922,C,T,CTAATGACGATGATG,CTAATGATGATGATG,TTGTGGACGTCAAGGTCTAAAGA
SUPER_22_33055609,T,A,AATAGCCTATTACTG,AATAGCCAATTACTG,CCCGCTTCTGACAGCAAATTAAA
SUPER_22_33531865,C,T,CTCTTGGCGGACGCA,CTCTTGGTGGACGCA,AGCATTACGAGGCTGCATTAAAA
SUPER_22_40553379,A,G,CGATTACAATCCAAT,CGATTACGATCCAAT,TGTGCCGAGTAGTCTGAGAAAAT
SUPER_23_5414498,A,T,AATTAACATCTCATT,AATTAACTTCTCATT,AAAGAGGGGGATAGAGCGATAGA
SUPER_23_5903518,A,C,TTCACTGATTTATTC,TTCACTGCTTTATTC,TCCACAAATTCCTTTCCCTCTAA
SUPER_23_13899310,G,A,GACTACTGTTGCATG,GACTACTATTGCATG,TGCCAATTCCAGGTCATTCAGTA
SUPER_23_14823492,T,G,TTGACTATGGACCCT,TTGACTAGGGACCCT,TCCAGATCAGCACTCCTTCTCTA
SUPER_23_27760012,A,C,AAGCTGTAGTCTATC,AAGCTGTCGTCTATC,CCATTCACGGTGTCCACTACTAA
SUPER_23_35863496,T,G,TGAAGATTATACTGT,TGAAGATGATACTGT,CACTGTCCTTGAAGAAAGAGATTT
SUPER_24_5393520,G,T,TTTAACAGAGACATC,TTTAACATAGACATC,AGGCTCAACCAGTGACAGTTAAA
SUPER_24_6225250,T,G,AAAAATCTACCAATA,AAAAATCGACCAATA,AATAACTGCACCATGCTCGAAAG
SUPER_24_9056900,G,A,GCTATCTGTTGAGTG,GCTATCTATTGAGTG,GAGTCCATGTCCCACGCTATCTA
SUPER_25_6421334,T,A,GAACATTTGTAAACG,GAACATTAGTAAACG,AGCTAACGCACTTTTGTACATCG
SUPER_25_23212528,C,T,CAAACTCCGTACCGC,CAAACTCTGTACCGC,CAGAGGCATGCAGAGACAAAATC
SUPER_25_25206831,A,T,CATTTACATGATTCT,CATTTACTTGATTCT,AATCCACCCGGTTGACTGAAATA
SUPER_25_25370133,C,A,CCAAGCTCCTTTAAT,CCAAGCTACTTTAAT,GGGGCAAAAAGGTTGTGACAATA
SUPER_25_26445723,G,T,GGACTCAGAATGGGC,GGACTCATAATGGGC,GGAGGCCCTACTGTTGGAAATAT
SUPER_26_7054212,G,A,GAAGAACGGTCCCAA,GAAGAACAGTCCCAA,AACAGACCGTAACGTTCGAAGAA
SUPER_26_16322312,C,A,CTGATCTCTTGTTCC,CTGATCTATTGTTCC,GCTTCAAGGTGCAGTTTGAGATA
SUPER_26_16569568,T,C,TAAGTGATTGCATCC,TAAGTGACTGCATCC,TGGTGGTAACTGTTTGACATCGA
SUPER_26_17440473,T,A,CGATTTCTAGCCATG,CGATTTCAAGCCATG,GTTGCCATGTTGAGTCGATTTCT
SUPER_26_18082164,G,A,TTATAGAGAAGAACA,TTATAGAAAAGAACA,CTCTTCCTGGGTCCACGTAAAAT
SUPER_26_18186413,C,T,TCGACGTCCATCCAT,TCGACGTTCATCCAT,GTAGCCTGCGATACAAGTCAGTA
SUPER_26_18431294,T,C,ACCACAGTTCACGAG,ACCACAGCTCACGAG,TGTTGTCACTTCAGACTCGAGTT
SUPER_26_18589288,G,C,TATCATTGCTAGACA,TATCATTCCTAGACA,ACATTTGCCCTTGGTTGCTTATC
SUPER_26_18847479,G,T,GCTTTAAGGTTACGC,GCTTTAATGTTACGC,GATTGTATTACACACACGTCGCG
SUPER_26_18858976,C,A,CCCAGATCTGTTTAG,CCCAGATATGTTTAG,TCAGAGGCAGCATCAGACATTAA
SUPER_26_18946555,G,A,TTGTGGCGCATTTTC,TTGTGGCACATTTTC,GTGTGTTGAGTCAGATGCGATTT
SUPER_26_19128535,C,T,TTTGTACCTGCTTTA,TTTGTACTTGCTTTA,GCAGAGCTAAGGGAGGGATTTTA
SUPER_26_20101098,A,T,TTGGGTCATGGAGGC,TTGGGTCTTGGAGGC,GGAAATGCAACGGAGACATGAAA
SUPER_26_20958728,G,A,GTTGACCGTAACAGG,GTTGACCATAACAGG,ATAGTAAGTGTCCATGTTGACCG
SUPER_26_22612555,C,T,TATAACACCAACATC,TATAACATCAACATC,CCAGGACTACAGTAGGCGTAATC
SUPER_26_24793472,T,C,TCACTTATCAGGTAA,TCACTTACCAGGTAA,GCAGAGTCAAGGAGCTCACTTAT
SUPER_26_28210131,A,G,AGTCCGTATAAAAAC,AGTCCGTGTAAAAAC,AACAAAACCAGGTGAAAAGTCGG
SUPER_26_29975045,C,T,GAGAGCTCGAGCACC,GAGAGCTTGAGCACC,CCCTCACTTCCGCGTTAAGAT
SUPER_27_13866138,A,G,TACACAGATGGCAGT,TACACAGGTGGCAGT,TGACAGTCACCCTCGAGTTAAAG
SUPER_27_28017139,G,A,GACTGACGGTTACTC,GACTGACAGTTACTC,TGGACCAGAATGCAACATTAGGA
SUPER_28_17671368,C,G,GCATAGACTATACAC,GCATAGAGTATACAC,GGTGTCATGGTAAGCACCTTAGA
SUPER_28_19528115,G,T,CACACAAGTCAAGCA,CACACAATTCAAGCA,ACTGAGTCACCCAAGCTTTTACA
SUPER_28_23309360,T,A,CCTTCATTGTAAGGA,CCTTCATAGTAAGGA,TGACTGACACAATCCCCTTCATT
SUPER_28_24085809,A,T,GAATTGAATGGACCT,GAATTGATTGGACCT,GGACTGACGGGAAGAGAATTGAA
SUPER_28_24725736,T,A,TTATTGCTAAGTAGG,TTATTGCAAAGTAGG,TGACTGGCGTACTGTTAGGAATT
SUPER_29_5437472,C,T,AGTCATACGAGTCAT,AGTCATATGAGTCAT,GTGGGAGGGGAGACTAGACTAAT
SUPER_29_20657895,T,G,AAAATAATAACCTCT,AAAATAAGAACCTCT,GTGTTGGAGTTTGCCATTCGATT
SUPER_30_715940,G,T,TAGTATAGAACAAAA,TAGTATATAACAAAA,AGCGACGTTTCCCACAATAGTAT
SUPER_30_4811406,C,T,CATGCTACAACTTTG,CATGCTATAACTTTG,GCTGTTCATGAAGCAGTGTTCAT
SUPER_33_5814700,A,T,TTCACCGAGCAAAAT,TTCACCGTGCAAAAT,GCGGCTATATACTCATTCACCGA
SUPER_34_3976207,G,A,TTGATTGGTTGATGA,TTGATTGATTGATGA,GCTGATTGGCTGGTGATTTTTGA
SUPER_34_7464497,C,A,TGGTGAGCAGCATAC,TGGTGAGAAGCATAC,GTCTTCATCCTCTTCTATCCCGC
SUPER_35_153159,T,G,ATAAAATTTTATTGG,ATAAAATGTTATTGG,TTTGCTGCTGTCTGAGGTGATAT
SUPER_35_5397322,T,C,GCTAATCTTACTTAC,GCTAATCCTACTTAC,TGAACATCACGGTCTGCTAATCT
SUPER_36_2840792,T,C,TTTGTATTTCAACGA,TTTGTATCTCAACGA,CGGTTGTCTTGGTCTCTCTTGAA
SUPER_37_3888662,T,C,CTTAAACTTGGGGTG,CTTAAACCTGGGGTG,ACCTCTTCAACCTTCTGCCTTAA
SUPER_38_4534242,T,A,AAAAAACTGTGAAAT,AAAAAACAGTGAAAT,ACAAGCCTCTGTGCTAAACTAAGA
SUPER_38_5278823,A,G,GTTTTGAAATGCCAA,GTTTTGAGATGCCAA,CTGCCATTTCACTTTCGCAGATT
CoHu_mtdna_1044_A,T,C,AAGCACCTCCCTTAC,AAGCACCCCCCTTAC,CAAAGGGGAGGCAAGTCGTA
CoHu_mtdna_1133_A,T,C,ACATACATACCCCCA,ACATACACACCCCCA,GTCACCCTGAGCTGACTAGC
CoHu_mtdna_1895_C,C,T,AGAGAAACCAAGAAA,AGAGAAATCAAGAAA,ACGAACCCAAACCAAGAGGG
CoHu_mtdna_2304_G,G,A,ACCCCTAGCCCATAT,ACCCCTAACCCATAT,TTTAGACACCAGGCAGATCACG
CoHu_mtdna_2503_C,G,A,CGACGAGGGGGTTTA,CGACGAGAGGGTTTA,CCGATCAACGGACCGAGTTA
CoHu_mtdna_3477_E,A,G,AATCAGAACTAGTCT,AATCAGAGCTAGTCT,CGCTAGCTGAGACAAACCGT
CoHu_mtdna_3768_A,A,G,TCCTATGACACCTTT,TCCTATGGCACCTTT,ATACCCCCGCTTTCGGTATG
CoHu_mtdna_8302_A,G,A,AAACCTAGGAGGCCA,AAACCTAAGAGGCCA,CCCCTCTGCCCGATGACTA
CoHu_mtdna_9924_B,G,A,TTGGTCCGCCACCGT,TTGGTCCACCACCGT,CCCTGCGCTTTTTCCTTATCG
CoHu_mtdna_9951_B,A,G,CACCCTTAGCTTGAT,CACCCTTGGCTTGAT,CCCCACCCTAACACTTGCTT
CoHu_mtdna_14013_C,T,C,CTAACACTACCCCCG,CTAACACCACCCCCG,AAGTCTCGTACCACCCACCT
CoHu_mtdna_16382_C,A,G,GATACCTAAGATCTC,GATACCTGAGATCTC,ATACAAGTGCACACCGAGAAGT
CoHu_mtdna_16716,G,A,CAACCCTGTCACAAG,CAACCCTATCACAAG,CTAATTAGGGTGGCTCTTGTGA
